{"stat.beaconInteraction":1,"stat.craftItem.minecraft.ladder":41,"stat.craftItem.minecraft.sign":20,"stat.useItem.minecraft.stone":4234,"stat.craftItem.minecraft.carpet":110,"stat.leaveGame":17,"stat.useItem.minecraft.log2":24,"stat.craftItem.minecraft.quartz_stairs":39,"stat.craftItem.minecraft.quartz_block":73,"stat.useItem.minecraft.carpet":11,"stat.useItem.minecraft.bedrock":420,"stat.jump":2823,"stat.useItem.minecraft.sand":357,"stat.swimOneCm":64080,"stat.useItem.minecraft.planks":310,"stat.climbOneCm":8000,"stat.drop.minecraft.stone":2,"stat.crouchOneCm":8768,"stat.craftItem.minecraft.banner":75,"stat.useItem.minecraft.dirt":366,"achievement.exploreAllBiomes":{"value":0,"progress":["Plains"]},"stat.useItem.minecraft.water_bucket":241,"stat.craftItem.minecraft.furnace":1,"stat.craftItem.minecraft.iron_bars":424,"stat.damageTaken":1400,"stat.craftItem.minecraft.wooden_button":2,"stat.craftItem.minecraft.cobblestone_wall":413,"stat.craftItem.minecraft.sea_lantern":361,"stat.pickup.minecraft.dye":1,"stat.useItem.minecraft.slime":10,"stat.flyOneCm":10338826,"stat.pickup.minecraft.wheat_seeds":4,"stat.craftItem.minecraft.stained_glass":222,"stat.damageDealt":10,"stat.pickup.minecraft.redstone":9,"stat.useItem.minecraft.wool":35,"stat.timeSinceDeath":57191,"stat.craftItem.minecraft.beacon":4,"stat.craftItem.minecraft.stone_slab":726,"stat.craftItem.minecraft.iron_block":27,"stat.walkOneCm":3034401,"stat.useItem.minecraft.torch":105,"stat.craftItem.minecraft.stonebrick":180,"stat.craftItem.minecraft.stone_stairs":1131,"stat.craftItem.minecraft.end_rod":7,"stat.useItem.minecraft.cobblestone":257,"stat.pickup.minecraft.carpet":1,"stat.pickup.minecraft.wooden_button":1,"stat.craftItem.minecraft.stone_button":12,"stat.useItem.minecraft.sea_lantern":10,"stat.pickup.minecraft.stone":2,"stat.craftItem.minecraft.redstone":395,"stat.sprintOneCm":1202793,"stat.pickup.minecraft.ladder":10,"stat.useItem.minecraft.stone_stairs":63,"stat.useItem.minecraft.stone_slab":310,"stat.craftItem.minecraft.stained_glass_pane":2,"achievement.openInventory":203,"stat.craftItem.minecraft.planks":198,"stat.craftItem.minecraft.stone":5410,"stat.craftItem.minecraft.dirt":5087,"stat.useItem.minecraft.stonebrick":339,"stat.craftItem.minecraft.wooden_door":1,"stat.useItem.minecraft.bucket":2,"stat.deaths":5,"stat.useItem.minecraft.cobblestone_wall":226,"stat.drop":2,"stat.playOneMinute":1364653,"stat.pickup.minecraft.stone_button":1,"stat.pickup.minecraft.torch":52,"stat.pickup.minecraft.red_flower":15,"stat.sneakTime":13970,"stat.craftItem.minecraft.dye":146,"stat.pickup.minecraft.yellow_flower":3,"stat.diveOneCm":1059}