{"stat.beaconInteraction":1,"stat.craftItem.minecraft.ladder":41,"stat.craftItem.minecraft.sign":20,"stat.useItem.minecraft.stone":4120,"stat.craftItem.minecraft.carpet":110,"stat.leaveGame":16,"stat.useItem.minecraft.log2":24,"stat.craftItem.minecraft.quartz_stairs":39,"stat.craftItem.minecraft.quartz_block":73,"stat.useItem.minecraft.bedrock":17,"stat.jump":2623,"stat.useItem.minecraft.sand":349,"stat.swimOneCm":58786,"stat.useItem.minecraft.planks":310,"stat.climbOneCm":8000,"stat.drop.minecraft.stone":2,"stat.crouchOneCm":7962,"stat.craftItem.minecraft.banner":75,"stat.useItem.minecraft.dirt":152,"achievement.exploreAllBiomes":{"value":0,"progress":["Plains"]},"stat.useItem.minecraft.water_bucket":241,"stat.craftItem.minecraft.furnace":1,"stat.craftItem.minecraft.iron_bars":424,"stat.damageTaken":280,"stat.craftItem.minecraft.wooden_button":2,"stat.craftItem.minecraft.cobblestone_wall":413,"stat.craftItem.minecraft.sea_lantern":361,"stat.pickup.minecraft.dye":1,"stat.flyOneCm":9331392,"stat.pickup.minecraft.wheat_seeds":2,"stat.craftItem.minecraft.stained_glass":222,"stat.damageDealt":10,"stat.pickup.minecraft.redstone":9,"stat.useItem.minecraft.wool":35,"stat.timeSinceDeath":207625,"stat.craftItem.minecraft.beacon":4,"stat.craftItem.minecraft.stone_slab":726,"stat.craftItem.minecraft.iron_block":27,"stat.walkOneCm":2609752,"stat.craftItem.minecraft.stonebrick":180,"stat.craftItem.minecraft.stone_stairs":1131,"stat.craftItem.minecraft.end_rod":7,"stat.useItem.minecraft.cobblestone":235,"stat.pickup.minecraft.carpet":1,"stat.pickup.minecraft.wooden_button":1,"stat.craftItem.minecraft.stone_button":12,"stat.pickup.minecraft.stone":2,"stat.craftItem.minecraft.redstone":395,"stat.sprintOneCm":1151017,"stat.pickup.minecraft.ladder":10,"stat.useItem.minecraft.stone_stairs":53,"stat.useItem.minecraft.stone_slab":298,"stat.craftItem.minecraft.stained_glass_pane":2,"achievement.openInventory":190,"stat.craftItem.minecraft.planks":198,"stat.craftItem.minecraft.stone":5410,"stat.craftItem.minecraft.dirt":5087,"stat.useItem.minecraft.stonebrick":192,"stat.craftItem.minecraft.wooden_door":1,"stat.useItem.minecraft.bucket":2,"stat.deaths":1,"stat.useItem.minecraft.cobblestone_wall":226,"stat.drop":2,"stat.playOneMinute":1111012,"stat.pickup.minecraft.stone_button":1,"stat.pickup.minecraft.red_flower":14,"stat.sneakTime":11704,"stat.craftItem.minecraft.dye":146,"stat.pickup.minecraft.yellow_flower":3}